{
	"mass_concentration_pm1p0":	3.4000000953674316,
	"mass_concentration_pm2p5":	3.5999999046325684,
	"mass_concentration_pm4p0":	3.5999999046325684,
	"mass_concentration_pm10p0":	3.5999999046325684,
	"ambient_humidity":	36.209999084472656,
	"ambient_temperature":	31.274999618530273,
	"voc_index":	0,
	"nox_index":	0
}